<?xml version="1.0" encoding="UTF-8"?>
<GenRun Id="synth_1" LaunchPart="xc7vx485tffg1157-1" LaunchTime="1657448061">
  <File Type="PA-TCL" Name="Finite_State_Machine.tcl"/>
  <File Type="RDS-PROPCONSTRS" Name="Finite_State_Machine_drc_synth.rpt"/>
  <File Type="REPORTS-TCL" Name="Finite_State_Machine_reports.tcl"/>
  <File Type="RDS-RDS" Name="Finite_State_Machine.vds"/>
  <File Type="RDS-UTIL" Name="Finite_State_Machine_utilization_synth.rpt"/>
  <File Type="RDS-UTIL-PB" Name="Finite_State_Machine_utilization_synth.pb"/>
  <File Type="RDS-DCP" Name="Finite_State_Machine.dcp"/>
  <File Type="VDS-TIMINGSUMMARY" Name="Finite_State_Machine_timing_summary_synth.rpt"/>
  <File Type="VDS-TIMING-PB" Name="Finite_State_Machine_timing_summary_synth.pb"/>
  <FileSet Name="sources" Type="DesignSrcs" RelSrcDir="$PSRCDIR/sources_1">
    <Filter Type="Srcs"/>
    <File Path="$PSRCDIR/sources_1/new/Finite_State_Machine.vhd">
      <FileInfo>
        <Attr Name="UsedIn" Val="synthesis"/>
        <Attr Name="UsedIn" Val="simulation"/>
      </FileInfo>
    </File>
    <Config>
      <Option Name="DesignMode" Val="RTL"/>
      <Option Name="TopModule" Val="Finite_State_Machine"/>
      <Option Name="TopAutoSet" Val="TRUE"/>
    </Config>
  </FileSet>
  <FileSet Name="constrs_in" Type="Constrs" RelSrcDir="$PSRCDIR/constrs_1">
    <Filter Type="Constrs"/>
    <Config>
      <Option Name="ConstrsType" Val="XDC"/>
    </Config>
  </FileSet>
  <FileSet Name="utils" Type="Utils" RelSrcDir="$PSRCDIR/utils_1">
    <Filter Type="Utils"/>
    <Config>
      <Option Name="TopAutoSet" Val="TRUE"/>
    </Config>
  </FileSet>
  <Strategy Version="1" Minor="2">
    <StratHandle Name="Vivado Synthesis Defaults" Flow="Vivado Synthesis 2019">
      <Desc>Vivado Synthesis Defaults</Desc>
    </StratHandle>
    <Step Id="synth_design"/>
  </Strategy>
</GenRun>
