<?xml version="1.0" encoding="UTF-8"?>
<GenRun Id="impl_1" LaunchPart="xc7vx485tffg1157-1" LaunchTime="1657448248">
  <File Type="BITSTR-BMM" Name="Finite_State_Machine_bd.bmm"/>
  <File Type="OPT-METHODOLOGY-DRC" Name="Finite_State_Machine_methodology_drc_opted.rpt"/>
  <File Type="INIT-TIMING" Name="Finite_State_Machine_timing_summary_init.rpt"/>
  <File Type="ROUTE-PWR" Name="Finite_State_Machine_power_routed.rpt"/>
  <File Type="PA-TCL" Name="Finite_State_Machine.tcl"/>
  <File Type="OPT-TIMING" Name="Finite_State_Machine_timing_summary_opted.rpt"/>
  <File Type="OPT-DCP" Name="Finite_State_Machine_opt.dcp"/>
  <File Type="ROUTE-PWR-SUM" Name="Finite_State_Machine_power_summary_routed.pb"/>
  <File Type="REPORTS-TCL" Name="Finite_State_Machine_reports.tcl"/>
  <File Type="OPT-DRC" Name="Finite_State_Machine_drc_opted.rpt"/>
  <File Type="OPT-HWDEF" Name="Finite_State_Machine.hwdef"/>
  <File Type="PWROPT-DCP" Name="Finite_State_Machine_pwropt.dcp"/>
  <File Type="PWROPT-DRC" Name="Finite_State_Machine_drc_pwropted.rpt"/>
  <File Type="PWROPT-TIMING" Name="Finite_State_Machine_timing_summary_pwropted.rpt"/>
  <File Type="PLACE-DCP" Name="Finite_State_Machine_placed.dcp"/>
  <File Type="PLACE-IO" Name="Finite_State_Machine_io_placed.rpt"/>
  <File Type="PLACE-CLK" Name="Finite_State_Machine_clock_utilization_placed.rpt"/>
  <File Type="PLACE-UTIL" Name="Finite_State_Machine_utilization_placed.rpt"/>
  <File Type="PLACE-UTIL-PB" Name="Finite_State_Machine_utilization_placed.pb"/>
  <File Type="PLACE-CTRL" Name="Finite_State_Machine_control_sets_placed.rpt"/>
  <File Type="PLACE-SIMILARITY" Name="Finite_State_Machine_incremental_reuse_placed.rpt"/>
  <File Type="PLACE-PRE-SIMILARITY" Name="Finite_State_Machine_incremental_reuse_pre_placed.rpt"/>
  <File Type="BG-BGN" Name="Finite_State_Machine.bgn"/>
  <File Type="PLACE-TIMING" Name="Finite_State_Machine_timing_summary_placed.rpt"/>
  <File Type="POSTPLACE-PWROPT-DCP" Name="Finite_State_Machine_postplace_pwropt.dcp"/>
  <File Type="BG-BIN" Name="Finite_State_Machine.bin"/>
  <File Type="POSTPLACE-PWROPT-TIMING" Name="Finite_State_Machine_timing_summary_postplace_pwropted.rpt"/>
  <File Type="PHYSOPT-DCP" Name="Finite_State_Machine_physopt.dcp"/>
  <File Type="PHYSOPT-DRC" Name="Finite_State_Machine_drc_physopted.rpt"/>
  <File Type="BITSTR-MSK" Name="Finite_State_Machine.msk"/>
  <File Type="PHYSOPT-TIMING" Name="Finite_State_Machine_timing_summary_physopted.rpt"/>
  <File Type="ROUTE-ERROR-DCP" Name="Finite_State_Machine_routed_error.dcp"/>
  <File Type="ROUTE-DCP" Name="Finite_State_Machine_routed.dcp"/>
  <File Type="ROUTE-BLACKBOX-DCP" Name="Finite_State_Machine_routed_bb.dcp"/>
  <File Type="ROUTE-DRC" Name="Finite_State_Machine_drc_routed.rpt"/>
  <File Type="ROUTE-DRC-PB" Name="Finite_State_Machine_drc_routed.pb"/>
  <File Type="BITSTR-LTX" Name="debug_nets.ltx"/>
  <File Type="BITSTR-LTX" Name="Finite_State_Machine.ltx"/>
  <File Type="ROUTE-DRC-RPX" Name="Finite_State_Machine_drc_routed.rpx"/>
  <File Type="BITSTR-MMI" Name="Finite_State_Machine.mmi"/>
  <File Type="ROUTE-METHODOLOGY-DRC" Name="Finite_State_Machine_methodology_drc_routed.rpt"/>
  <File Type="ROUTE-METHODOLOGY-DRC-RPX" Name="Finite_State_Machine_methodology_drc_routed.rpx"/>
  <File Type="BITSTR-SYSDEF" Name="Finite_State_Machine.sysdef"/>
  <File Type="ROUTE-METHODOLOGY-DRC-PB" Name="Finite_State_Machine_methodology_drc_routed.pb"/>
  <File Type="ROUTE-PWR-RPX" Name="Finite_State_Machine_power_routed.rpx"/>
  <File Type="ROUTE-STATUS" Name="Finite_State_Machine_route_status.rpt"/>
  <File Type="ROUTE-STATUS-PB" Name="Finite_State_Machine_route_status.pb"/>
  <File Type="ROUTE-TIMINGSUMMARY" Name="Finite_State_Machine_timing_summary_routed.rpt"/>
  <File Type="ROUTE-TIMING-PB" Name="Finite_State_Machine_timing_summary_routed.pb"/>
  <File Type="ROUTE-TIMING-RPX" Name="Finite_State_Machine_timing_summary_routed.rpx"/>
  <File Type="ROUTE-SIMILARITY" Name="Finite_State_Machine_incremental_reuse_routed.rpt"/>
  <File Type="ROUTE-CLK" Name="Finite_State_Machine_clock_utilization_routed.rpt"/>
  <File Type="ROUTE-BUS-SKEW" Name="Finite_State_Machine_bus_skew_routed.rpt"/>
  <File Type="ROUTE-BUS-SKEW-PB" Name="Finite_State_Machine_bus_skew_routed.pb"/>
  <File Type="ROUTE-BUS-SKEW-RPX" Name="Finite_State_Machine_bus_skew_routed.rpx"/>
  <File Type="POSTROUTE-PHYSOPT-DCP" Name="Finite_State_Machine_postroute_physopt.dcp"/>
  <File Type="POSTROUTE-PHYSOPT-BLACKBOX-DCP" Name="Finite_State_Machine_postroute_physopt_bb.dcp"/>
  <File Type="POSTROUTE-PHYSOPT-TIMING" Name="Finite_State_Machine_timing_summary_postroute_physopted.rpt"/>
  <File Type="POSTROUTE-PHYSOPT-TIMING-PB" Name="Finite_State_Machine_timing_summary_postroute_physopted.pb"/>
  <File Type="POSTROUTE-PHYSOPT-TIMING-RPX" Name="Finite_State_Machine_timing_summary_postroute_physopted.rpx"/>
  <File Type="POSTROUTE-PHYSOPT-BUS-SKEW" Name="Finite_State_Machine_bus_skew_postroute_physopted.rpt"/>
  <File Type="POSTROUTE-PHYSOPT-BUS-SKEW-PB" Name="Finite_State_Machine_bus_skew_postroute_physopted.pb"/>
  <File Type="BG-BIT" Name="Finite_State_Machine.bit"/>
  <File Type="POSTROUTE-PHYSOPT-BUS-SKEW-RPX" Name="Finite_State_Machine_bus_skew_postroute_physopted.rpx"/>
  <File Type="BITSTR-RBT" Name="Finite_State_Machine.rbt"/>
  <File Type="BITSTR-NKY" Name="Finite_State_Machine.nky"/>
  <File Type="BG-DRC" Name="Finite_State_Machine.drc"/>
  <File Type="RDI-RDI" Name="Finite_State_Machine.vdi"/>
  <File Type="WBT-USG" Name="usage_statistics_webtalk.html"/>
  <FileSet Name="sources" Type="DesignSrcs" RelSrcDir="$PSRCDIR/sources_1">
    <Filter Type="Srcs"/>
    <File Path="$PSRCDIR/sources_1/new/Finite_State_Machine.vhd">
      <FileInfo>
        <Attr Name="UsedIn" Val="synthesis"/>
        <Attr Name="UsedIn" Val="simulation"/>
      </FileInfo>
    </File>
    <Config>
      <Option Name="DesignMode" Val="RTL"/>
      <Option Name="TopModule" Val="Finite_State_Machine"/>
      <Option Name="TopAutoSet" Val="TRUE"/>
    </Config>
  </FileSet>
  <FileSet Name="constrs_in" Type="Constrs" RelSrcDir="$PSRCDIR/constrs_1">
    <Filter Type="Constrs"/>
    <Config>
      <Option Name="ConstrsType" Val="XDC"/>
    </Config>
  </FileSet>
  <FileSet Name="utils" Type="Utils" RelSrcDir="$PSRCDIR/utils_1">
    <Filter Type="Utils"/>
    <Config>
      <Option Name="TopAutoSet" Val="TRUE"/>
    </Config>
  </FileSet>
  <Strategy Version="1" Minor="2">
    <StratHandle Name="Vivado Implementation Defaults" Flow="Vivado Implementation 2019">
      <Desc>Default settings for Implementation.</Desc>
    </StratHandle>
    <Step Id="init_design"/>
    <Step Id="opt_design"/>
    <Step Id="power_opt_design"/>
    <Step Id="place_design"/>
    <Step Id="post_place_power_opt_design"/>
    <Step Id="phys_opt_design"/>
    <Step Id="route_design"/>
    <Step Id="post_route_phys_opt_design"/>
    <Step Id="write_bitstream"/>
  </Strategy>
</GenRun>
